11210004,11210004_1,1,png
11210004,11210004_2,2,png
11210004,11210004_3,3,png
11210012,11210012_1,1,png
11210012,11210012_2,2,png
11210012,11210012_3,3,png
12210018,12210018_1,1,png
12210018,12210018_2,2,png
12210018,12210018_3,3,png
12215028,12215028_1,1,png
12215028,12215028_2,2,png
12215028,12215028_3,3,png
11205000,11205000_1,1,png
11205000,11205000_2,2,png
11205000,11205000_3,3,png
11234001,11234001_1,1,png
11234001,11234001_2,2,png
11234001,11234001_3,3,png
12240002,12240002_1,1,png
12240002,12240002_2,2,png
12240002,12240002_3,3,png
11233001,11233001_1,1,png
11233001,11233001_2,2,png
11233001,11233001_3,3,png
11233003,11233003_1,1,png
11233003,11233003_2,2,png
11233003,11233003_3,3,png
13330000,13330000_1,1,png
13330000,13330000_2,2,png
13330000,13330000_3,3,png
